<?xml version="1.0" encoding="UTF-8"?>
<GenRun Id="impl_1" LaunchPart="xc7a35tcpg236-1" LaunchTime="1575341846">
  <File Type="BITSTR-BMM" Name="lab7_bd.bmm"/>
  <File Type="OPT-METHODOLOGY-DRC" Name="lab7_methodology_drc_opted.rpt"/>
  <File Type="INIT-TIMING" Name="lab7_timing_summary_init.rpt"/>
  <File Type="ROUTE-PWR" Name="lab7_power_routed.rpt"/>
  <File Type="PA-TCL" Name="lab7.tcl"/>
  <File Type="OPT-TIMING" Name="lab7_timing_summary_opted.rpt"/>
  <File Type="OPT-DCP" Name="lab7_opt.dcp"/>
  <File Type="ROUTE-PWR-SUM" Name="lab7_power_summary_routed.pb"/>
  <File Type="REPORTS-TCL" Name="lab7_reports.tcl"/>
  <File Type="OPT-DRC" Name="lab7_drc_opted.rpt"/>
  <File Type="OPT-HWDEF" Name="lab7.hwdef"/>
  <File Type="PWROPT-DCP" Name="lab7_pwropt.dcp"/>
  <File Type="PWROPT-DRC" Name="lab7_drc_pwropted.rpt"/>
  <File Type="PWROPT-TIMING" Name="lab7_timing_summary_pwropted.rpt"/>
  <File Type="PLACE-DCP" Name="lab7_placed.dcp"/>
  <File Type="PLACE-IO" Name="lab7_io_placed.rpt"/>
  <File Type="PLACE-CLK" Name="lab7_clock_utilization_placed.rpt"/>
  <File Type="PLACE-UTIL" Name="lab7_utilization_placed.rpt"/>
  <File Type="PLACE-UTIL-PB" Name="lab7_utilization_placed.pb"/>
  <File Type="PLACE-CTRL" Name="lab7_control_sets_placed.rpt"/>
  <File Type="PLACE-SIMILARITY" Name="lab7_incremental_reuse_placed.rpt"/>
  <File Type="PLACE-PRE-SIMILARITY" Name="lab7_incremental_reuse_pre_placed.rpt"/>
  <File Type="BG-BGN" Name="lab7.bgn"/>
  <File Type="PLACE-TIMING" Name="lab7_timing_summary_placed.rpt"/>
  <File Type="POSTPLACE-PWROPT-DCP" Name="lab7_postplace_pwropt.dcp"/>
  <File Type="BG-BIN" Name="lab7.bin"/>
  <File Type="POSTPLACE-PWROPT-TIMING" Name="lab7_timing_summary_postplace_pwropted.rpt"/>
  <File Type="PHYSOPT-DCP" Name="lab7_physopt.dcp"/>
  <File Type="PHYSOPT-DRC" Name="lab7_drc_physopted.rpt"/>
  <File Type="BITSTR-MSK" Name="lab7.msk"/>
  <File Type="PHYSOPT-TIMING" Name="lab7_timing_summary_physopted.rpt"/>
  <File Type="ROUTE-ERROR-DCP" Name="lab7_routed_error.dcp"/>
  <File Type="ROUTE-DCP" Name="lab7_routed.dcp"/>
  <File Type="ROUTE-BLACKBOX-DCP" Name="lab7_routed_bb.dcp"/>
  <File Type="ROUTE-DRC" Name="lab7_drc_routed.rpt"/>
  <File Type="ROUTE-DRC-PB" Name="lab7_drc_routed.pb"/>
  <File Type="BITSTR-LTX" Name="debug_nets.ltx"/>
  <File Type="BITSTR-LTX" Name="lab7.ltx"/>
  <File Type="ROUTE-DRC-RPX" Name="lab7_drc_routed.rpx"/>
  <File Type="BITSTR-MMI" Name="lab7.mmi"/>
  <File Type="ROUTE-METHODOLOGY-DRC" Name="lab7_methodology_drc_routed.rpt"/>
  <File Type="ROUTE-METHODOLOGY-DRC-RPX" Name="lab7_methodology_drc_routed.rpx"/>
  <File Type="BITSTR-SYSDEF" Name="lab7.sysdef"/>
  <File Type="ROUTE-METHODOLOGY-DRC-PB" Name="lab7_methodology_drc_routed.pb"/>
  <File Type="ROUTE-PWR-RPX" Name="lab7_power_routed.rpx"/>
  <File Type="ROUTE-STATUS" Name="lab7_route_status.rpt"/>
  <File Type="ROUTE-STATUS-PB" Name="lab7_route_status.pb"/>
  <File Type="ROUTE-TIMINGSUMMARY" Name="lab7_timing_summary_routed.rpt"/>
  <File Type="ROUTE-TIMING-PB" Name="lab7_timing_summary_routed.pb"/>
  <File Type="ROUTE-TIMING-RPX" Name="lab7_timing_summary_routed.rpx"/>
  <File Type="ROUTE-SIMILARITY" Name="lab7_incremental_reuse_routed.rpt"/>
  <File Type="ROUTE-CLK" Name="lab7_clock_utilization_routed.rpt"/>
  <File Type="ROUTE-BUS-SKEW" Name="lab7_bus_skew_routed.rpt"/>
  <File Type="ROUTE-BUS-SKEW-PB" Name="lab7_bus_skew_routed.pb"/>
  <File Type="ROUTE-BUS-SKEW-RPX" Name="lab7_bus_skew_routed.rpx"/>
  <File Type="POSTROUTE-PHYSOPT-DCP" Name="lab7_postroute_physopt.dcp"/>
  <File Type="POSTROUTE-PHYSOPT-BLACKBOX-DCP" Name="lab7_postroute_physopt_bb.dcp"/>
  <File Type="POSTROUTE-PHYSOPT-TIMING" Name="lab7_timing_summary_postroute_physopted.rpt"/>
  <File Type="POSTROUTE-PHYSOPT-TIMING-PB" Name="lab7_timing_summary_postroute_physopted.pb"/>
  <File Type="POSTROUTE-PHYSOPT-TIMING-RPX" Name="lab7_timing_summary_postroute_physopted.rpx"/>
  <File Type="POSTROUTE-PHYSOPT-BUS-SKEW" Name="lab7_bus_skew_postroute_physopted.rpt"/>
  <File Type="POSTROUTE-PHYSOPT-BUS-SKEW-PB" Name="lab7_bus_skew_postroute_physopted.pb"/>
  <File Type="BG-BIT" Name="lab7.bit"/>
  <File Type="POSTROUTE-PHYSOPT-BUS-SKEW-RPX" Name="lab7_bus_skew_postroute_physopted.rpx"/>
  <File Type="BITSTR-RBT" Name="lab7.rbt"/>
  <File Type="BITSTR-NKY" Name="lab7.nky"/>
  <File Type="BG-DRC" Name="lab7.drc"/>
  <File Type="RDI-RDI" Name="lab7.vdi"/>
  <File Type="WBT-USG" Name="usage_statistics_webtalk.html"/>
  <FileSet Name="sources" Type="DesignSrcs" RelSrcDir="$PSRCDIR/sources_1">
    <Filter Type="Srcs"/>
    <File Path="$PSRCDIR/sources_1/new/lab7_3.v">
      <FileInfo>
        <Attr Name="UsedIn" Val="synthesis"/>
        <Attr Name="UsedIn" Val="implementation"/>
        <Attr Name="UsedIn" Val="simulation"/>
      </FileInfo>
    </File>
    <Config>
      <Option Name="DesignMode" Val="RTL"/>
      <Option Name="TopModule" Val="lab7"/>
      <Option Name="TopAutoSet" Val="TRUE"/>
    </Config>
  </FileSet>
  <FileSet Name="constrs_in" Type="Constrs" RelSrcDir="$PSRCDIR/constrs_1">
    <Filter Type="Constrs"/>
    <File Path="$PSRCDIR/constrs_1/new/1.xdc">
      <FileInfo>
        <Attr Name="UsedIn" Val="synthesis"/>
        <Attr Name="UsedIn" Val="implementation"/>
      </FileInfo>
    </File>
    <Config>
      <Option Name="TargetConstrsFile" Val="$PSRCDIR/constrs_1/new/1.xdc"/>
      <Option Name="ConstrsType" Val="XDC"/>
    </Config>
  </FileSet>
  <FileSet Name="utils" Type="Utils" RelSrcDir="$PSRCDIR/utils_1">
    <Filter Type="Utils"/>
    <Config>
      <Option Name="TopAutoSet" Val="TRUE"/>
    </Config>
  </FileSet>
  <Strategy Version="1" Minor="2">
    <StratHandle Name="Vivado Implementation Defaults" Flow="Vivado Implementation 2019"/>
    <Step Id="init_design"/>
    <Step Id="opt_design"/>
    <Step Id="power_opt_design"/>
    <Step Id="place_design"/>
    <Step Id="post_place_power_opt_design"/>
    <Step Id="phys_opt_design"/>
    <Step Id="route_design"/>
    <Step Id="post_route_phys_opt_design"/>
    <Step Id="write_bitstream"/>
  </Strategy>
</GenRun>
